sample_index,id
0,sample_0
1,sample_1
2,sample_2
3,sample_3
4,sample_4
5,sample_5
6,sample_6
7,sample_7
8,sample_8
9,sample_9
10,sample_10
11,sample_11
12,sample_12
13,sample_13
14,sample_14
15,sample_15
16,sample_16
17,sample_17
18,sample_18
19,sample_19
20,sample_20
21,sample_21
22,sample_22
23,sample_23
24,sample_24
25,sample_25
26,sample_26
27,sample_27
28,sample_28
29,sample_29
30,sample_30
31,sample_31
32,sample_32
33,sample_33
34,sample_34
35,sample_35
36,sample_36
37,sample_37
38,sample_38
39,sample_39
40,sample_40
41,sample_41
42,sample_42
43,sample_43
44,sample_44
45,sample_45
46,sample_46
47,sample_47
48,sample_48
49,sample_49
50,sample_50
51,sample_51
52,sample_52
53,sample_53
54,sample_54
55,sample_55
56,sample_56
57,sample_57
58,sample_58
59,sample_59
60,sample_60
61,sample_61
62,sample_62
63,sample_63
64,sample_64
65,sample_65
66,sample_66
67,sample_67
68,sample_68
69,sample_69
